{
  "id": "pf2e-rsc",
  "title": "PF2e Repeated Skill Challenge",
  "description": "Module to help facilitate repeated skill challenges in PF2e",
  "version": "2.0.0",
  "compatibility": {
    "minimum": 10
  },
  "authors": [
    { "name": "drexl93", "discord": "Some Knucklehead#4725" },
    { "name": "Mark Pearce", "discord": "Mark Pearce#2772" }
  ],
  "esmodules": ["scripts/init.js", "scripts/scripts.js"],
  "styles": ["./pf2e-rsc.css"],
  "packs": [
    {
      "name": "pf2e-rsc",
      "label": "PF2e Repeated Skill Challenge",
      "path": "packs/pf2e-rsc.db",
      "module": "pf2e-rsc",
      "type": "Macro"
    }
  ],
  "relationships": {
    "systems": [
      {
        "id": "pf2e",
        "compatibility": {
          "minimum": "4.0.0"
        }
      }
    ]
  },
  "socket": true,
  "url": "https://github.com/drexl93/pf2e-rsc",
  "manifest": "https://github.com/drexl93/pf2e-rsc/releases/latest/download/module.json",
  "download": "https://github.com/drexl93/pf2e-rsc/releases/latest/download/pf2e-rsc.zip"
}
